ID,,SubjectID,Dx,SEX,V1 Age,SA Total,RRB Total,Total,ADOS-2 Comparison Score,Gross Motor T-score,Visual Reception T-Score,Fine Motor T-score,Receptive Language T-score,Expressive Language T-score,Early Learning Composite Standard Score,lh_fusiform_CT,lh_middletemporal_CT,lh_superiortemporal_CT,lh_transversetemporal_CT,lh_parsopercularis_CT,lh_parsorbitalis_CT,lh_parstriangularis_CT,lh_Mean_CT,rh_fusiform_CT,rh_middletemporal_CT,rh_superiortemporal_CT,rh_transversetemporal_CT,rh_parsopercularis_CT,rh_parsorbitalis_CT,rh_parstriangularis_CT,rh_Mean_CT,lhCortexVol,rhCortexVol,CortexVol,lhCorticalWhiteMatterVol,rhCorticalWhiteMatterVol,CorticalWhiteMatterVol,SubCortGrayVol,TotalGrayVol,TBV,zipIncome,MEL_cat,INR,primaryLangCode,SES1,SES2,Quality,BilingualCoded
2012,2012_TP3-T1,2012_TP3,ASD,Male,57,9,5,14,7,,34,64,46,35,90,2.911,3.07,3.029,2.834,2.871,3.293,2.701,2.78901,2.993,3.16,3.015,2.944,2.709,2.758,2.731,2.74656,295294,296245,591539,180490,181961,362451,55783,744026,1139003.592,,,3.495145631,,1.49067982,-0.415968294,4,
2016,2016-T1,2016,ASD,Female,17,4,5,9,,59,30,33,34,34,68,3.366,3.345,3.092,3.204,3.066,3.352,2.919,3.0238,3.095,3.4,3.172,2.921,2.859,3.441,2.93,2.9145,222196,221737,443933,107138,107626,214764,38851,552329,787920.3046,49595,2,1.640881388,1,0.014024508,-0.234413361,4,1
2022,2022_TP2-T1,2022_TP2,ASD,Male,41,16,2,18,,30,34,36,20,25,61,3.067,3.319,3.066,2.649,2.965,3.026,2.807,2.8721,2.929,3.13,3.183,2.88,2.797,3.194,2.712,2.81962,329638,329469,659107,192608,194727,387335,62648,829525,1252534.295,71278,5,5.86029067,0,1.479884709,-0.345693922,5,0
2026,2026_TP2-T1,2026_TP2,ASD,Female,37,16,4,20,,,54,39,42,,93,3.026,3.351,2.991,2.593,2.785,3.072,2.89,2.79674,2.769,3.064,3.068,2.717,2.937,3.287,2.755,2.74587,258642,263054,521696,161633,162661,324294,51072,669137,1022164.414,26381,2,2.109704641,0,-2.35910466,-0.246553208,4,0
2031,2031-T1,2031,ASD,Male,31,11,5,16,9,20,63,39,49,46,98,3.011,3.231,2.949,2.584,2.859,3.125,2.997,2.79494,2.87,3.124,2.766,2.697,2.959,3.252,2.878,2.67685,264253,258881,523134,153355,160688,314044,51769,685853,1035339.587,41350,4,3.495145631,1,-2.197235726,-0.047288949,4,1
2032,2032-T1,2032,ASD,Male,36,6,6,12,6,,35,21,33,31,63,3.089,3.351,2.892,2.406,3.04,3.426,2.905,2.91161,3.352,3.341,3.15,2.935,2.997,3.555,3.112,2.94852,310188,312389,622577,170737,170009,340746,59451,797448,1174014.594,,2,0.230710074,1,-1.696456587,0.025990497,4,1
2048,2048-T1,2048,ASD,Female,27,18,6,24,,20,20,20,20,20,49,2.819,2.789,2.693,2.666,3.029,3.227,2.841,2.7847,3.123,3.299,2.979,2.841,2.836,3.359,2.975,2.87677,252978,267264,520242,145760,152499,298259,50251,673389,1003117.266,60788,4,0.970873786,1,0.453702028,-0.083260237,4,1
2066,2066_TP2_V2-T1,2066_TP2_V2,ASD,Male,39,7,4,11,4,,43,32,42,31,75,3.004,3.151,3.076,2.773,2.929,3.397,2.628,2.77949,2.91,3.138,3.062,2.995,2.584,3.064,2.779,2.73675,269277,271659,540936,159246,163674,322920,53543,694476,1053125.343,31943,1,5.86029067,0,-0.97187299,-0.249668474,4,1
2070,2070_TP3-T1,2070_TP3,ASD,Male,61,19,6,25,9,,20,20,20,20,49,2.841,3.111,3.105,3.169,2.709,3.168,2.848,2.67201,2.716,3.224,3.092,2.997,2.702,2.835,2.708,2.62353,259324,261401,520725,171658,174619,346277,51593,661051,1037167.594,,,,,-3.128763925,-0.497883295,5,
2075,2075_TP3-T1,2075_TP3,ASD,Male,54,18,8,26,10,,20,20,20,20,49,2.937,3.402,3.196,2.867,3.044,3.328,2.912,2.93333,2.907,3.366,3.391,3.056,2.93,3.231,2.898,2.90369,274242,279005,553247,161001,166434,327435,55551,718824,1096799.677,45569,2,5.86029067,0,1.099908398,0.321032057,5,0
2077,2077-T1,2077,ASD,Male,30,10,3,13,,50,60,54,52,55,111,3.038,3.234,2.968,2.57,2.761,3.11,2.806,2.78002,3.049,3.231,3.1,2.631,2.744,2.845,2.526,2.76082,280955,284617,565572,157062,160950,318013,52616,728700,1086176.772,75552,5,6.629101757,0,2.329971018,-0.108675949,4,1
2079,2079_TP2-T1,2079_TP2,ASD,Male,44,8,6,14,7,,69,53,50,41,107,2.88,3.244,3.006,3.003,2.939,3.031,2.867,2.81117,2.987,3.247,2.99,2.736,2.728,3.284,2.874,2.79216,293425,294558,587983,186298,187497,373795,63082,781916,1201810.427,75552,5,6.629101757,1,2.329971018,-0.108675949,4,1
2080,2080_V2-T1,2080_V2,ASD,Male,33,9,0,9,4,23,56,46,38,35,88,3.135,3.441,3.077,2.932,3.106,3.618,2.948,2.93693,3.22,3.434,3.084,3.112,3.023,3.22,3.026,2.93053,265496,265768,531264,156223,156006,312228,54371,690303,1030003.582,71278,5,2.320185615,0,-1.104542024,-0.597155678,5,0
2088,2088_TP3-T1,2088_TP3,ASD,Male,59,7,1,8,5,,47,54,35,42,89,3.03,3.196,3.044,2.689,2.951,2.921,2.847,2.84945,3.062,3.172,3.035,2.81,2.824,3.12,2.801,2.81177,299270,301664,600934,170478,174050,344528,57658,758817,1136257.116,56928,2,0.384516791,1,1.093913927,-0.038163289,4,1
2089,2089-T1,2089,ASD,Male,25,17,3,20,,43,52,30,20,25,66,3.107,3.495,3.341,2.953,3.039,3.358,3.011,2.95483,3.224,3.288,3.26,3.069,2.975,3.472,2.943,2.90191,294280,294714,588994,178095,179478,357573,50005,739241,1124966.714,48795,3,2.718446602,0,-1.663578109,-0.178066305,4,0
2091,2091-T1,2091,ASD,Male,27,17,4,21,,20,20,20,20,20,49,3.121,3.623,3.067,2.36,2.938,3.172,2.699,2.93625,3.141,3.339,3.159,2.988,2.842,3.498,2.837,2.89566,277731,280834,558564,160851,163949,324800,53816,712240,1067647.255,76330,5,6.796116505,1,2.521935237,-0.888367502,4,1
2101,2101_TP2_V2-T1,2101_TP2_V2,ASD,Male,43,3,3,6,3,,45,30,41,43,80,3.075,3.557,3.346,3.375,3.245,3.226,3.182,3.05356,3.381,3.589,3.37,3.768,3.193,3.548,3.274,3.05665,291326,293991,585317,160400,159682,320082,58645,762778,1116093.939,42822,3,2.023706273,0,0.252543689,0.024131886,4,0
2105,2105_TP3-T1,2105_TP3,ASD,Male,56,13,2,15,7,,20,20,20,20,49,2.951,3.532,3.362,3.006,3.178,3.5,2.973,2.90104,3.305,3.3,3.163,2.998,2.951,3.063,2.912,2.91392,273547,275348,548895,173028,175976,349003,63455,723592,1106835.345,,5,2.983095791,,-1.104542024,-0.597155678,4,0
2121,2121-T1,2121,ASD,Female,23,17,8,25,,30,20,20,20,25,50,3.161,3.477,3.418,3.507,3.163,3.919,2.955,3.00088,3.288,3.18,3.267,3.524,3.069,3.519,2.882,2.91507,287802,291189,578991,158695,163973,322667,54818,737694,1094029.452,70130,3,0.53222945,1,2.132528003,-0.493965115,4,1
2123,2123_TP2-T1,2123_TP2,ASD,Female,51,7,2,9,6,,53,45,47,40,93,3.034,2.979,2.997,2.723,2.825,3.186,2.73,2.85464,3.072,3.25,3.014,3.055,2.954,3.112,2.798,2.85515,267701,270477,538178,159799,162956,322755,53271,693302,1048446.629,47983,6,0.349514563,0,-0.317888795,0.322239642,5,0
2124,2124-T1,2124,ASD,Female,21,18,1,19,,40,56,41,30,50,89,3.163,3.481,3.249,2.969,2.804,3.797,3,2.95706,3.235,3.065,2.936,3.062,2.739,3.621,3.127,2.86202,247149,244007,491157,131102,133381,264483,47133,624793,915530,26381,5,9.376465073,1,-3.086169043,-0.247819639,4,1
2132,2132_TP2-T1,2132_TP2,ASD,Male,39,14,2,16,6,,30,29,25,20,57,2.85,3.253,2.973,2.691,2.934,3.139,2.716,2.79271,2.968,3.256,3.008,2.899,2.931,3.26,2.677,2.7814,255305,253725,509030,152255,153620,305875,43251,647225,979772,37785,3,1.160092807,1,-4.854048316,-0.994012831,4,1
2140,2140-T1,2140,ASD,Male,22,9,3,12,6,42,50,39,49,29,84,3.372,3.412,3.267,2.821,3.145,3.607,3.077,3.10643,3.138,3.477,3.303,3.584,3.221,3.209,3.464,3.08126,292232,292778,585010,148085,150335,298420,54488,732134,1058024.055,53577,6,4.486029223,1,-0.293276148,0.085479838,4,1
2143,2143-T1,2143,ASD,Male,28,15,6,21,,49,41,38,20,20,63,2.947,3.345,3.009,2.71,2.962,3.475,2.815,2.87082,3.183,3.364,3.102,2.85,3.05,3.104,2.796,2.87328,277536,276310,553846,170096,171400,341496,55015,715350,1087165.007,43408,2,1.011853137,0,-1.174056178,-0.071000037,4,0
2144,2144-T1,2144,ASD,Male,34,14,3,17,6,20,20,20,20,20,49,3.079,3.126,3.19,3.055,2.834,3.053,2.986,2.81613,2.932,2.953,2.917,3.123,2.839,2.985,2.82,2.77489,270472,274451,544923,164780,170506,335287,53264,687473,1049658.379,37115,2,0.970873786,0,-4.70110341,-0.706074105,4,0
2145,2145_TP3-T1,2145_TP3,ASD,Male,54,4,2,6,3,,20,20,30,42,60,3.103,3.139,3.035,2.986,2.842,3.013,2.945,2.80555,3.144,3.147,3.13,2.738,2.746,3.155,3.007,2.80626,287867,281060,568927,157708,156513,314220,56475,729988,1071228.416,45321,4,4.854368932,1,-0.062165354,-0.788038905,4,1
2147,2147_TP2-T1,2147_TP2,ASD,Male,48,7,0,7,4,,48,38,42,46,87,3.035,3.052,2.892,2.608,2.934,3.235,2.823,2.74811,2.987,3.155,2.967,2.828,2.732,3.028,2.947,2.7535,268828,271818,540646,174579,175659,350238,57074,699318,1083186.171,,2,1.300954033,,0.155925076,0.106577745,4,1
2149,2149_TP3-T1,2149_TP3,ASD,Male,66,15,3,18,8,,20,20,20,20,49,2.767,3.077,2.82,2.835,2.758,2.64,2.677,2.68985,2.956,3.193,2.929,2.854,2.725,2.753,2.709,2.72102,315588,326353,641941,214753,220313,435066,60651,822924,1298872.968,94119,6,5.800464037,1,2.129637098,-0.371474211,4,1
2001,2001_TP2-T1,2001_TP2,TD,Male,41,,,,,,79,43,46,50,109,3.166,3.35,3.155,2.93,2.826,3.246,3.018,2.79679,3.103,3.288,2.894,2.903,2.832,3.211,2.912,2.79437,293083,288576,581659,183691,183997,367688,57932,739300,1142958.369,,5,5.86029067,1,0.422865144,-0.44468857,4,1
2006,2006_TP2-T1,2006_TP2,TD,Male,36,,,,,,65,52,49,61,114,3.051,3.384,3.013,3.121,3.072,3.499,2.958,2.96126,3.143,3.358,3.141,3.036,3.104,3.284,2.972,2.92235,283769,287672,571440,156036,163537,319573,54148,732327,1082878.741,45766,4,2.718446602,1,-1.071834805,-0.143766658,5,1
2013,2013-T1,2013,TD,Female,27,,,,,58,70,41,56,64,116,3.258,3.432,3.071,2.806,3.233,3.627,2.902,3.01706,3.265,3.25,3.054,2.99,2.95,3.444,2.898,2.94565,227355,224168,451523,101415,102771,204186,42015,583748,813927,,6,9.376465073,0,2.034139738,-0.684369748,4,0
2017,2017_V2-T1,2017_V2,TD,Male,39,,,,,45,56,37,26,30,76,2.958,3.329,3.05,2.988,2.973,3.485,3.02,2.88239,2.846,3.292,3.061,2.957,2.986,3.29,3.068,2.86615,251877,250615,502492,135268,138134,273402,47187,636804,938316,,4,5.800464037,,0.980699202,-0.089730168,5,0
2018,2018_TP2-T1,2018_TP2,TD,Female,38,,,,,,48,42,45,47,91,2.966,3.382,3.118,2.834,3.11,3.485,3.095,2.94291,2.983,3.009,3.06,2.895,2.94,3.454,2.802,2.90189,256187,256787,512974,147279,148246,295525,48494,647637,971005,43188,4,3.495145631,1,-0.062744766,-0.295197047,5,1
2020,2020_TP2-T1,2020_TP2,TD,Female,40,,,,,,40,46,48,29,82,3.094,3.373,3.187,2.995,2.992,3.294,2.874,2.90699,2.999,3.213,2.922,2.953,3.027,3.255,3.005,2.83995,273797,274428,548225,147114,149609,296723,53291,693947,1022409.352,77571,4,4.854368932,0,2.38026972,-0.576352372,5,0
2025,2025_TP2-T1,2025_TP2,TD,Male,38,,,,,,58,59,51,47,108,3.109,3.221,3.007,2.65,3.082,3.41,2.876,2.90599,3.076,2.985,2.834,2.845,2.724,3.101,2.974,2.80328,321915,318483,640398,185345,190398,375743,57039,795939,1201465.004,75552,4,5.86029067,1,1.665458733,-0.228221148,5,1
2037,2037_V2-T1,2037_V2,TD,Male,22,,,,,52,67,62,76,68,136,3.26,3.305,3.243,3.135,3.102,3.248,3.077,2.98379,3.165,3.293,3.287,3.361,3.08,3.064,2.982,2.97373,288973,290077,579050,153212,155538,308750,50933,722630,1056917.037,50027,4,4.854368932,0,0.682739902,-0.131750882,5,0
2039,2039_TP2_V2-T1,2039_TP2_V2,TD,Male,36,,,,,,58,35,58,54,102,3.015,3.368,2.96,3.159,3.052,3.195,3.089,2.85411,2.884,3.081,2.893,2.825,2.96,3.18,2.982,2.75249,311786,312132,623919,178958,184321,363279,58842,803273,1201176,58872,4,5.800464037,0,0.538468364,4.710692726,4,0
2063,2063-T1,2063,TD,Female,33,,,,,54,69,80,57,58,132,2.934,3.096,3.159,3.18,2.918,3.176,2.992,2.86828,2.993,3.226,3.07,2.963,2.772,3.486,2.814,2.85282,288631,290575,579207,161895,162445,324340,53575,724297,1092187,48923,4,3.613761203,1,-0.228271216,-0.189294941,4,1
2064,2064-T1,2064,TD,Female,39,,,,,,40,77,47,47,106,3.03,3.169,3.005,2.941,3.005,3.133,2.788,2.87904,3.05,3.05,2.869,2.869,2.752,3.618,2.877,2.82167,255470,252182,507651,139850,140112,279962,47740,653501,959651,45766,3,1.794411689,0,-0.747228819,0.113396103,4,0
2067,2067-T1,2067,TD,Female,23,,,,,35,59,56,59,44,109,3.094,3.23,2.999,3.122,3.169,3.594,3.07,3.01171,2.965,3.209,3.08,2.717,3.24,3.862,2.887,2.90413,256640,252872,509513,115639,121327,236966,43450,651990,916559,45321,5,4.854368932,0,1.932627756,-0.281416446,4,0
2069,2069-T1,2069,TD,Male,20,,,,,41,50,43,60,43,98,3.304,3.741,3.369,3.387,3.327,3.797,3.125,3.20364,3.454,3.477,3.168,3.24,3.236,3.684,3.074,3.15864,264202,266072,530274,136029,136733,272762,49381,684516,984510,65992,5,2.109704641,0,0.840057926,-0.370282694,4,0
2073,2073-T1,2073,TD,Male,17,,,,,47,44,49,72,48,107,3.098,3.418,3.229,2.674,2.936,3.483,3.2,2.967,3.097,3.406,3.094,3.178,3.123,3.512,3.153,2.98867,265117,273776,538893,142495,145172,287667,51954,698767,1014723,77571,5,6.796116505,0,4.224927401,-0.291181834,4,0
2083,2083-T1,2083,TD,Male,30,,,,,69,60,51,52,62,113,2.761,3.234,3.014,2.688,2.902,3.315,3.056,2.84936,3.155,3.294,3,2.552,2.881,3.505,2.995,2.84251,257927,262082,520010,160165,162233,322398,53805,672737,1025560,37873,5,1.491547895,1,-1.995865109,-0.167437065,4,1
2084,2084_TP3-T1,2084_TP3,TD,Female,54,,,,,,69,76,70,75,143,3.122,3.467,3.296,2.777,3.058,3.363,2.935,2.92097,3.078,3.566,3.259,3.252,3.016,3.296,2.863,2.86415,276286,277167,553453,171242,171392,342634,58228,705252,1077518,77571,5,6.796116505,0,4.224927401,-0.291181834,4,0
2092,2092_TP3-T1,2092_TP3,TD,Female,54,,,,,,52,61,57,44,107,3.011,3.168,2.91,2.732,2.766,3.376,2.927,2.6928,3.082,2.896,3.029,2.613,2.715,2.867,2.66,2.65493,240389,240904,481293,159205,161071,320276,51224,619229,970605,37873,5,1.491547895,1,-1.995865109,-0.167437065,4,1
2093,2093-T1,2093,TD,Female,26,,,,,50,63,54,66,52,118,3.018,3.455,3.104,2.803,3.075,3.428,2.999,3.00631,3.235,3.585,3.194,3.323,2.915,3.592,2.972,3.05136,235722,242293,478014,124422,127024,251446,46136,619978,895278,55359,6,6.796116505,0,1.578850539,-0.359647119,4,0
2097,2097_TP3-T1,2097_TP3,TD,Male,64,,,,,,53,49,46,40,94,3.216,3.237,2.992,2.564,3.049,3.523,2.841,2.89806,3.19,3.245,3.262,3.16,2.938,3.28,2.797,2.86387,316912,314824,631736,182638,187254,369893,56575,787872,1193091,56928,5,2.307100743,0,1.093913927,-0.038163289,5,0
2098,2098_TP3-T1,2098_TP3,TD,Male,60,,,,,,40,46,63,58,104,3.034,3.217,2.933,2.725,2.812,3.088,2.697,2.69363,2.923,3.257,3.138,2.889,2.936,2.961,2.812,2.71039,328118,324211,652329,211095,211659,422754,63796,830994,1293528,62091,2,4.854368932,1,-1.192449056,-0.47642392,5,1
2103,2103-T1,2103,TD,Female,32,,,,,58,50,36,51,48,93,3.144,3.418,3.147,3.073,2.967,3.406,2.916,2.93331,3.086,3.198,3.114,2.989,2.943,3.29,2.95,2.90309,275077,278549,553627,153646,156710,310356,51553,705159,1042982,,2,2.109704641,0,-1.903339898,-0.202337195,5,0
2113,2113_TP3-T1,2113_TP3,TD,Male,59,,,,,,56,54,37,33,90,3.059,3.098,3.131,2.914,2.761,3.17,2.821,2.80829,3.059,3.104,3.218,2.958,2.77,2.987,2.854,2.76585,308198,308463,616661,213369,217333,430702,62145,788862,1257728,,5,2.320185615,,1.141667869,-0.018457156,5,1
2114,2114_TP3-T1,2114_TP3,TD,Female,62,,,,,,58,58,60,59,118,3.096,3.192,3.042,2.936,2.657,3.038,2.619,2.75568,2.954,2.938,2.88,2.927,2.753,2.97,2.698,2.70301,272311,264772,537083,157977,157323,315301,53139,683960,1027085,66237,6,6.796116505,1,2.397357469,0.007368375,4,0
2117,2117-T1,2117,TD,Male,25,,,,,53,40,23,57,47,84,3.075,3.493,3.071,2.995,3.199,3.733,2.899,2.96851,3.115,3.466,3.117,3.052,2.972,3.534,2.987,2.99129,262197,261808,524004,144409,145885,290294,51227,677796,993950,92759,5,3.281762775,0,-0.307845016,-0.189096155,4,0
2118,2118_TP3-T1,2118_TP3,TD,Female,56,,,,,,52,60,39,37,94,2.962,3.239,3.052,2.705,2.827,3.051,2.732,2.73938,2.933,3.198,3.096,2.576,2.821,3.393,2.757,2.74417,275523,276756,552279,168159,170454,338614,54460,707130,1075413.645,37873,5,4.143188598,1,-2.578234727,-0.183201387,5,1
2119,2119_TP3-T1,2119_TP3,TD,Female,55,,,,,,55,51,48,49,101,3.107,3.416,3.128,3.289,3.006,3.137,2.966,2.94822,3.097,3.36,3.258,3.293,2.844,3.143,2.819,2.94198,288202,287758,575959,158365,161593,319958,54921,734514,1088647.055,47983,4,6.796116505,0,1.785530635,0.492302779,4,0
2126,2126_TP2-T1,2126_TP2,TD,Female,42,,,,,,53,55,58,50,108,2.951,3.244,2.716,2.503,2.868,3.536,2.774,2.85367,2.923,3.027,2.959,2.513,3.09,3.125,2.728,2.83519,268082,266342,534424,155768,157118,312886,51068,670547,1014369.465,,3,2.718446602,0,0.856240236,0.209153714,4,0